identifier,container_number,hazmat_sequence_number,hazmat_code,hazmat_class,hazmat_code_qualifier,hazmat_contact,hazmat_page_number,hazmat_flash_point_temperature,hazmat_flash_point_temperature_negative_ind,hazmat_flash_point_temperature_unit,hazmat_description
20180101101,GESU8084893,1,1919,3,U,,,002,N,CE,
20180101833,UTCU4597332,1,1218,3,U,MR.DU,,053,N,CE,
20180101833,UTCU4937670,1,1218,3,U,MR.DU,,053,N,CE,
20180101833,EXFU5544223,1,1218,3,U,MR.DU,,053,N,CE,
20180101833,EXFU5543700,1,1218,3,U,MR.DU,,053,N,CE,
20180101833,EXFU5543757,1,1218,3,U,MR.DU,,053,N,CE,
20180101833,EXFU0516872,1,1218,3,U,MR.DU,,053,N,CE,
20180101833,UTCU4980505,1,1218,3,U,MR.DU,,053,N,CE,
20180101833,UTCU4718753,1,1218,3,U,MR.DU,,053,N,CE,
20180101833,EXFU5544141,1,1218,3,U,MR.DU,,053,N,CE,
20180101833,UTCU4935527,1,1218,3,U,MR.DU,,053,N,CE,
20180101833,SNTU7500829,1,1218,3,U,MR.DU,,053,N,CE,
20180101833,EXFU5544250,1,1218,3,U,MR.DU,,053,N,CE,
20180101833,EXFU5544157,1,1218,3,U,MR.DU,,053,N,CE,
20180101833,EXFU5543783,1,1218,3,U,MR.DU,,053,N,CE,
20180101833,EXFU5544075,1,1218,3,U,MR.DU,,053,N,CE,
20180101833,RLTU2006568,1,1218,3,U,MR.DU,,053,N,CE,
20180101833,EXFU5544028,1,1218,3,U,MR.DU,,053,N,CE,
20180101833,EXFU5543675,1,1218,3,U,MR.DU,,053,N,CE,
20180101833,UTCU4692896,1,1218,3,U,MR.DU,,053,N,CE,
20180101833,EXFU5543660,1,1218,3,U,MR.DU,,053,N,CE,
20180101834,UTCU4597332,1,1218,3,U,MR.DU,,053,N,CE,
20180101834,UTCU4937670,1,1218,3,U,MR.DU,,053,N,CE,
20180101834,EXFU5544223,1,1218,3,U,MR.DU,,053,N,CE,
20180101834,EXFU5543700,1,1218,3,U,MR.DU,,053,N,CE,
20180101834,EXFU5543757,1,1218,3,U,MR.DU,,053,N,CE,
20180101834,EXFU0516872,1,1218,3,U,MR.DU,,053,N,CE,
20180101834,UTCU4980505,1,1218,3,U,MR.DU,,053,N,CE,
20180101834,UTCU4718753,1,1218,3,U,MR.DU,,053,N,CE,
20180101834,EXFU5544141,1,1218,3,U,MR.DU,,053,N,CE,
20180101834,UTCU4935527,1,1218,3,U,MR.DU,,053,N,CE,
20180101834,SNTU7500829,1,1218,3,U,MR.DU,,053,N,CE,
20180101834,EXFU5544250,1,1218,3,U,MR.DU,,053,N,CE,
20180101834,EXFU5544157,1,1218,3,U,MR.DU,,053,N,CE,
20180101834,EXFU5543783,1,1218,3,U,MR.DU,,053,N,CE,
20180101834,EXFU5544075,1,1218,3,U,MR.DU,,053,N,CE,
20180101834,RLTU2006568,1,1218,3,U,MR.DU,,053,N,CE,
20180101834,EXFU5544028,1,1218,3,U,MR.DU,,053,N,CE,
20180101834,EXFU5543675,1,1218,3,U,MR.DU,,053,N,CE,
20180101834,UTCU4692896,1,1218,3,U,MR.DU,,053,N,CE,
20180101834,EXFU5543660,1,1218,3,U,MR.DU,,053,N,CE,
201801011153,GESU8072320,1,UN1123,3,U,,,004,,CE,
201801011238,MRKU4256397,1,1139,3,U,,,008,N,CE,
201801011239,MRKU4256397,1,1139,3,U,,,008,N,CE,
201801011357,EXFU0622848,1,UN3082,9,U,,,252,,CE,
201801011358,EXFU0730945,1,UN3082,9,U,,,252,,CE,
201801011360,EXFU0732402,1,UN3082,9,U,,,252,,CE,
201801011362,EXFU0712345,1,UN3082,9,U,,,252,,CE,
201801011365,EXFU0728378,1,UN3082,9,U,,,252,,CE,
201801011378,CXTU1149840,1,UN3082,9,U,,,252,,CE,
201801011434,OOLU0361510,1,1561,,U,,,000,,,
201801011434,OOLU1921748,1,1561,,U,,,000,,,
201801011434,OOLU0361844,1,1561,,U,,,000,,,
201801011434,OOLU1467825,1,1561,,U,,,000,,,
201801011468,EURU0640498,1,2443,8,U,,,017,N,CE,
201801011543,MRSU0032241,1,3082,9,U,,,017,N,CE,
201801011570,KKTU8129342,1,1006,2.2,U,17818195202,,000,,CE,NON-FLAMMABLE COMPRESSED GAS
201801011579,EXFU0728378,1,3082,9,U,,3,000,,CE,AC CONTAINER LINE ON BEHALF OF
201801011579,EXFU0728378,2,3082,,U,,N,000,,,
201801011579,EXFU0728378,3,3082,,U,YTANK,,000,,,F-AS-F
201801011629,ZCSU2770485,1,1812,,U,,,000,,,
201801011629,ZCSU2572577,1,1812,,U,,,000,,,
201801011629,ZCSU2691323,1,1812,,U,,,000,,,
201801011758,MSKU4753796,1,3496,9,U,CANDY ZHANG,,017,N,CE,
201801012138,PONU1819919,1,1266,3,U,,,017,,CE,
201801012195,OOLU0361510,1,1561,6.1,U,,,000,,,
201801012195,OOLU1921748,1,1561,6.1,U,,,000,,,
201801012195,OOLU0361844,1,1561,6.1,U,,,000,,,
201801012195,OOLU1467825,1,1561,6.1,U,,,000,,,
201801012202,HLXU5316082,1,3077,9,U,,3,000,,CE,NOBLE SHIPPING PVT. LTD.
201801012202,HLXU5316082,2,3077,,U,,N,000,,,
201801012202,HLXU5316082,3,3077,,U,NDRUMS,,000,,,F-AS-F
201801012202,FSCU4536860,1,3077,9,U,,3,000,,CE,NOBLE SHIPPING PVT. LTD.
201801012202,FSCU4536860,2,3077,,U,,N,000,,,
201801012202,FSCU4536860,3,3077,,U,NDRUMS,,000,,,F-AS-F
201801012202,UACU8150344,1,3077,9,U,,3,000,,CE,NOBLE SHIPPING PVT. LTD.
201801012202,UACU8150344,2,3077,,U,,N,000,,,
201801012202,UACU8150344,3,3077,,U,NDRUMS,,000,,,F-AS-F
201801012217,CXTU1149840,1,3082,9,U,,3,000,,CE,AC CONTAINER LINE ON BEHALF OF
201801012217,CXTU1149840,2,3082,,U,,N,000,,,
201801012217,CXTU1149840,3,3082,,U,YTANK,,000,,,F-AS-F
201801012218,EXFU0712345,1,3082,9,U,,3,000,,CE,AC CONTAINER LINE ON BEHALF OF
201801012218,EXFU0712345,2,3082,,U,,N,000,,,
201801012218,EXFU0712345,3,3082,,U,YTANK,,000,,,F-AS-F
201801012220,EXFU0730945,1,3082,9,U,,3,000,,CE,AC CONTAINER LINE ON BEHALF OF
201801012220,EXFU0730945,2,3082,,U,,N,000,,,
201801012220,EXFU0730945,3,3082,,U,YTANK,,000,,,F-AS-F
201801012227,GLDU5424240,1,3082,9,U,,3,000,,CE,NOBLE SHIPPING PVT. LTD.
201801012227,GLDU5424240,2,3082,,U,,N,000,,,
201801012227,GLDU5424240,3,3082,,U,YDRUMS,,000,,,F-AS-F
201801012235,NYKU4808038,1,3077,,U,18004249300,,000,,CE,ENVIRONMENTALLY HAZARDOUS SUBS CONTAINS TRIZINC BIS (ORTHOPHO
201801012236,TCNU4004186,1,3264,,U,-441759302545,,000,,CE,"CORROSIVE LIQUID, ACIDIC, INOR CONTAINS ORTHOPHOSPHORIC ACID"
201801012241,TCLU8221496,1,2037,,U,,,000,,,
201801012241,TCLU8221496,2,3077,,U,,,000,,,
201801012252,TRHU2944523,1,3166,9,I,(+687) 27 01 87,"F-D,S-",000,,,"VEHICLE, FUEL CELL, FLAMMABLE VEHICLE, FUEL CELL, FLAMMABLE GAS POWERED VEHICLE,"
201801012258,FSCU9665069,1,2037,2.3,U,,0,000,,CE,JAS AS AGENT FOR BLUE WORLD LI
201801012258,FSCU9665069,2,2037,2.1,U,,N,000,,,08
201801012258,FSCU9665069,3,2037,8,U,NPACKAGES,,000,,,F-DS-U
201801012373,GESU6327612,1,3480,,U,,,000,,,
201801012603,CCLU6857564,1,1727,8,U,,,000,,,
201801012603,TEMU6052727,1,1727,8,U,,,000,,,
201801012603,TCNU6511214,1,1727,8,U,,,000,,,
201801012604,UETU5358909,1,1727,8,U,,,000,,,
201801012604,CBHU8592823,1,1727,8,U,,,000,,,
201801013160,EXFU0732402,1,3082,9,U,,3,000,,CE,AC CONTAINER LINE ON BEHALF OF
201801013160,EXFU0732402,2,3082,,U,,N,000,,,
201801013160,EXFU0732402,3,3082,,U,YTANK,,000,,,F-AS-F
201801013163,EXFU0622848,1,3082,9,U,,3,000,,CE,AC CONTAINER LINE ON BEHALF OF
201801013163,EXFU0622848,2,3082,,U,,N,000,,,
201801013163,EXFU0622848,3,3082,,U,YTANK,,000,,,F-AS-F
201801013172,MSKU6813929,1,2556,,U,,,000,,CE,
201801013173,MSKU6813929,1,2556,,U,,,000,,CE,
201801013188,UACU8131278,1,3077,9,U,,3,000,,CE,NOBLE SHIPPING PVT. LTD.
201801013188,UACU8131278,2,3077,,U,,N,000,,,
201801013188,UACU8131278,3,3077,,U,NPACKAGES,,000,,,F-AS-F
201801013188,UACU8175532,1,3077,9,U,,3,000,,CE,NOBLE SHIPPING PVT. LTD.
201801013188,UACU8175532,2,3077,,U,,N,000,,,
201801013188,UACU8175532,3,3077,,U,NPACKAGES,,000,,,F-AS-F
201801013203,FCIU4916223,1,2234,3,U,,,043,,CE,
201801013203,CCLU2985485,1,2234,3,U,,,043,,CE,
201801013203,SEGU2840154,1,2234,3,U,,,043,,CE,
201801013203,MAGU2294594,1,2234,3,U,,,043,,CE,CHLOROBENZOTRIFLUORIDES
201801013207,CCLU4784330,1,1807,8,U,,,000,,,
201801013207,CCLU4521478,1,1807,8,U,,,000,,,
201801013207,FSCU5009123,1,1807,8,U,,,000,,,
201801013240,TCLU8071225,1,2037,2.3,U,,0,000,,CE,JAS AS AGENT FOR BLUE WORLD LI
201801013240,TCLU8071225,2,2037,2.1,U,,N,000,,,08
201801013240,TCLU8071225,3,2037,8,U,NPACKAGES,,000,,,F-DS-U
201801013282,TLLU9009772,1,1673,6.1,U,,,000,,,
201801013282,TLLU9009793,1,1673,6.1,U,,,000,,,META PHENYLENE DIAMINE99.8%
201801013282,TLLU9009176,1,1673,6.1,U,,,000,,,
201801013282,TLLU9008800,1,1673,6.1,U,,,000,,,
201801013282,TLLU9009788,1,1673,6.1,U,,,000,,,
201801013282,TLLU9009480,1,1673,6.1,U,,,000,,,
201801013282,TLLU9008740,1,1673,6.1,U,,,000,,,
201801013282,TLLU9009767,1,1673,6.1,U,,,000,,,
201801013282,TLLU9008781,1,1673,6.1,U,,,000,,,
201801013283,TLLU9009772,1,1673,6.1,U,,,000,,,
201801013283,TLLU9009793,1,1673,6.1,U,,,000,,,META PHENYLENE DIAMINE99.8%
201801013283,TLLU9009176,1,1673,6.1,U,,,000,,,
201801013283,TLLU9008800,1,1673,6.1,U,,,000,,,
201801013283,TLLU9009788,1,1673,6.1,U,,,000,,,
201801013283,TLLU9009480,1,1673,6.1,U,,,000,,,
201801013283,TLLU9008740,1,1673,6.1,U,,,000,,,
201801013283,TLLU9009767,1,1673,6.1,U,,,000,,,
201801013283,TLLU9008781,1,1673,6.1,U,,,000,,,
201801013294,FCIU9778282,1,3481,9,U,,,000,,,CORDLESS BLOWER(INCLUDING LI-I
201801013560,UESU4215875,1,UN3496,,U,,,000,,,
201801013652,OOLU1214832,1,1956,2.2,U,,,000,,,"ARGON,XENON AND NEON MIXTURE"
201801013652,OOLU1214832,2,1956,2.2,U,,,000,,,"FLUORINE,ARGON,AND NEON MIXTUR"
201801013652,OOLU1214832,3,1956,2.2,U,,,000,,,"FLUORINE,KRYPTON AND NEON MIXT"
201801013652,OOLU1214832,4,1956,2.2,U,,,000,,,KRYPTON AND NEON MIXTURE
201801013741,MSKU6813929,1,2556,4.1,U,,,017,N,CE,
201801013788,ECMU1659915,1,1993,3,I,+65-6499-1113,"F-E,S-",002,N,CE,"FLAMMABLE LIQUID, N.O.S. FLAMMABLE LIQUID, N.O.S. PACKI NG GROUP II."
201801013788,APZU3824878,1,1993,3,I,+65-6499-1113,"F-E,S-",002,N,CE,"FLAMMABLE LIQUID, N.O.S. FLAMMABLE LIQUID, N.O.S. PACKI NG GROUP II."
201801014488,TCNU8091194,1,2037,2.3,U,,0,000,,CE,JAS AS AGENT FOR BLUE WORLD LI
201801014488,TCNU8091194,2,2037,2.1,U,,N,000,,,08
201801014488,TCNU8091194,3,2037,8,U,NPACKAGES,,000,,,F-DS-U
201801015016,UTCU4855524,1,1218,3,U,,,017,N,CE,
201801015016,UTCU4690960,1,1218,3,U,,,017,N,CE,
201801015016,UTCU4674980,1,1218,3,U,,,017,N,CE,
201801015016,UTCU4834373,1,1218,3,U,,,017,N,CE,
201801015016,UTCU4802144,1,1218,3,U,,,017,N,CE,
201801015016,UTCU4625310,1,1218,3,U,,,017,N,CE,
201801015016,EXFU5522219,1,1218,3,U,,,017,N,CE,
201801015016,UTCU4658166,1,1218,3,U,,,017,N,CE,
201801015016,UTCU4940333,1,1218,3,U,,,017,N,CE,
201801015016,UTCU4853563,1,1218,3,U,,,017,N,CE,
201801015137,TCKU9168676,1,3164,2.2,U,,,017,N,CE,
201801015169,PONU0305052,1,1738,6.1,U,,II,000,,,
201801015169,PONU0761582,1,1738,6.1,U,,II,000,,,
201801015235,MRKU3912551,1,3264,8,U,,,017,N,CE,
201801015236,MRKU9283311,1,3082,9,U,,,000,,,
201801015350,MRKU9283311,1,3082,9,U,,,017,N,CE,
201801015397,TIFU5240100,1,3252,2.1,I,87731616,"F-D,S-",000,,,REFRIGERANT GAS R 32 REFRIGERANT GAS R 32 REFRIGERA NT GAS R 32.
201801015398,EXFU5201815,1,3220,2.2,I,87731616,"F-C,S-",000,,,REFRIGERANT GAS R 125 REFRIGERANT GAS R 125 REFRIGER ANT GAS R 125.
201801015404,TRHU3573303,1,3077,9,I,81-6-6229-4988,"F-A,S-",000,,,"ENVIRONMENTALLY HAZARDOUS SUBS ENVIRONMENTALLY HAZARDOUS SUBS TANCE, SOLID, N.O.S."
201801015575,TCKU9168676,1,3164,2.2,U,,,017,N,CE,
201801015793,EXFU4400290,1,UN2735,8,U,,,138,,CE,
201801015816,ECMU1750049,1,1823,8,U,,,000,,,
201801015933,EXFU5513140,1,UN1154,3,U,,,039,N,CE,
201801016250,CMAU1091550,1,1170,3,I,1800 188 129,"F-E,S-",019,,CE,ETHYL ALCOHOL ETHYL ALCOHOL ETHYL ALCOHOL. P ACKING GROUP II.
201801016486,GESU4970379,1,3077,9,I,008680773489,"F-A,S-",000,,,"ENVIRONMENTALLY HAZARDOUS SUBS ENVIRONMENTALLY HAZARDOUS SUBS TANCE, SOLID, N.O.S."
201801016486,CMAU7162008,1,3077,9,I,008680773489,"F-A,S-",000,,,"ENVIRONMENTALLY HAZARDOUS SUBS ENVIRONMENTALLY HAZARDOUS SUBS TANCE, SOLID, N.O.S."
201801016486,FSCU9964028,1,3077,9,I,008680773489,"F-A,S-",000,,,"ENVIRONMENTALLY HAZARDOUS SUBS ENVIRONMENTALLY HAZARDOUS SUBS TANCE, SOLID, N.O.S."
201801016486,XINU8189530,1,3077,9,I,008680773489,"F-A,S-",000,,,"ENVIRONMENTALLY HAZARDOUS SUBS ENVIRONMENTALLY HAZARDOUS SUBS TANCE, SOLID, N.O.S."
201801016486,CMAU5672759,1,3077,9,I,008680773489,"F-A,S-",000,,,"ENVIRONMENTALLY HAZARDOUS SUBS ENVIRONMENTALLY HAZARDOUS SUBS TANCE, SOLID, N.O.S."
201801016486,CAIU9268594,1,3077,9,I,008680773489,"F-A,S-",000,,,"ENVIRONMENTALLY HAZARDOUS SUBS ENVIRONMENTALLY HAZARDOUS SUBS TANCE, SOLID, N.O.S."
201801016486,TEMU6963240,1,3077,9,I,008680773489,"F-A,S-",000,,,"ENVIRONMENTALLY HAZARDOUS SUBS ENVIRONMENTALLY HAZARDOUS SUBS TANCE, SOLID, N.O.S."
201801016486,FSCU8609266,1,3077,9,I,008680773489,"F-A,S-",000,,,"ENVIRONMENTALLY HAZARDOUS SUBS ENVIRONMENTALLY HAZARDOUS SUBS TANCE, SOLID, N.O.S."
201801016486,TCNU4590240,1,3077,9,I,008680773489,"F-A,S-",000,,,"ENVIRONMENTALLY HAZARDOUS SUBS ENVIRONMENTALLY HAZARDOUS SUBS TANCE, SOLID, N.O.S."
201801016494,APHU7316147,1,3077,9,I,008680773489,"F-A,S-",000,,,"ENVIRONMENTALLY HAZARDOUS SUBS ENVIRONMENTALLY HAZARDOUS SUBS TANCE, SOLID, N.O.S."
201801016494,CMAU7016343,1,3077,9,I,008680773489,"F-A,S-",000,,,"ENVIRONMENTALLY HAZARDOUS SUBS ENVIRONMENTALLY HAZARDOUS SUBS TANCE, SOLID, N.O.S."
201801016494,CMAU7238269,1,3077,9,I,008680773489,"F-A,S-",000,,,"ENVIRONMENTALLY HAZARDOUS SUBS ENVIRONMENTALLY HAZARDOUS SUBS TANCE, SOLID, N.O.S."
201801016494,TCNU4211877,1,3077,9,I,008680773489,"F-A,S-",000,,,"ENVIRONMENTALLY HAZARDOUS SUBS ENVIRONMENTALLY HAZARDOUS SUBS TANCE, SOLID, N.O.S."
201801016494,TCLU1703623,1,3077,9,I,008680773489,"F-A,S-",000,,,"ENVIRONMENTALLY HAZARDOUS SUBS ENVIRONMENTALLY HAZARDOUS SUBS TANCE, SOLID, N.O.S."
201801016494,CMAU4808352,1,3077,9,I,008680773489,"F-A,S-",000,,,"ENVIRONMENTALLY HAZARDOUS SUBS ENVIRONMENTALLY HAZARDOUS SUBS TANCE, SOLID, N.O.S."
201801016494,TRLU8267897,1,3077,9,I,008680773489,"F-A,S-",000,,,"ENVIRONMENTALLY HAZARDOUS SUBS ENVIRONMENTALLY HAZARDOUS SUBS TANCE, SOLID, N.O.S."
201801016494,MAGU5338280,1,3077,9,I,008680773489,"F-A,S-",000,,,"ENVIRONMENTALLY HAZARDOUS SUBS ENVIRONMENTALLY HAZARDOUS SUBS TANCE, SOLID, N.O.S."
201801016494,APHU7269894,1,3077,9,I,008680773489,"F-A,S-",000,,,"ENVIRONMENTALLY HAZARDOUS SUBS ENVIRONMENTALLY HAZARDOUS SUBS TANCE, SOLID, N.O.S."
201801016502,SEGU1790486,1,UN1944,,U,,,000,,,
201801016523,TRLU9745028,1,3077,9,I,+91 2233451953,"F-A,S-",000,,,"ENVIRONMENTALLY HAZARDOUS SUBS ENVIRONMENTALLY HAZARDOUS SUBS TANCE, SOLID, N.O.S."
201801016532,MRSU0311020,1,1594,6.1,U,CHEMTREC CCN 213,,017,N,CE,
201801016533,MSKU4187528,1,1594,6.1,U,CHEMTREC CCN 213,,017,N,CE,
201801016556,TCNU4181983,1,3164,2.2,U,(001)3523233500,,000,,,"ARTICLES, PRESSURIZED, PNEUMAT"
201801016563,TEMU2520666,1,3077,9,I,+91 2233451953,"F-A,S-",000,,,"ENVIRONMENTALLY HAZARDOUS SUBS ENVIRONMENTALLY HAZARDOUS SUBS TANCE, SOLID, N.O.S."
201801016565,CMAU2054063,1,3077,9,I,+91 2233451953,"F-A,S-",000,,,"ENVIRONMENTALLY HAZARDOUS SUBS ENVIRONMENTALLY HAZARDOUS SUBS TANCE, SOLID, N.O.S."
201801016612,ECMU1750049,1,1823,8,I,88009927,"F-A,S-",000,,,"SODIUM HYDROXIDE, SOLID SODIUM HYDROXIDE, SOLID"
201801016800,CMAU1221356,1,1564,6.1,I,86 518 82236685,"F-A,S-",000,,,"BARIUM COMPOUND, N.O.S. BARIUM COMPOUND, N.O.S. PACKIN G GROUP III."
201801017249,UTCU4672930,1,1715,8,U,,,048,,CE,
201801017249,TABU2254286,1,1715,8,U,,,048,,CE,
201801017249,EXFU0520091,1,1715,8,U,,,048,,CE,
201801017249,UTCU4671240,1,1715,8,U,,,048,,CE,
201801017249,UTCU4659136,1,1715,8,U,,,048,,CE,
201801017249,EXFU0515198,1,1715,8,U,,,048,,CE,
201801017249,TCLU9067908,1,1715,8,U,,,048,,CE,
201801017249,EXFU0512877,1,1715,8,U,,,048,,CE,
201801017249,EXFU0507931,1,1715,8,U,,,048,,CE,
201801017249,TABU2253320,1,1715,8,U,,,048,,CE,
201801017249,TRLU0256860,1,1715,8,U,,,048,,CE,
201801017249,EXFU0521436,1,1715,8,U,,,048,,CE,
201801017249,USPU1244876,1,1715,8,U,,,048,,CE,
201801017249,EXFU0521499,1,1715,8,U,,,048,,CE,
201801017249,UTCU4651120,1,1715,8,U,,,048,,CE,
201801017249,EXFU0513050,1,1715,8,U,,,048,,CE,
201801017249,EXFU0540380,1,1715,8,U,,,048,,CE,
201801017249,EXFU0517328,1,1715,8,U,,,048,,CE,
201801017418,TCKU4250924,1,1005,2,U,,,000,,,AMMONIA ANHYDROUS
201801017432,TRHU2401300,1,1953,2,U,,,000,,,COMPRESSED GAS TOXIC FLAMMABLE
201801017492,OOLU8773637,1,3077,9,U,,,000,,,TETRAETHYLTHIURAM DISULFIDE
201801017492,OOLU8773637,2,3077,9,U,,,000,,,TETRAMETHYL THIURAM MONOSULPHI
201801017492,OOLU8773637,3,3077,9,U,,,000,,,ZINC BIS (DIBUTYLDITHIOCARBAMA
201801017579,FCIU8774209,1,0336,1.4G,U,18132480585 CHEM,,000,,,FIREWORKS EXPLOSIVES
201801017580,ZCSU8498306,1,0336,1.4G,U,18132480585 CORINNE,,000,,,FIREWORKS EXPLOSIVES
201801017581,ZCSU8893229,1,0336,1.4G,U,18132480585 CORINNE,,000,,,FIREWORKS EXPLOSIVES
201801017721,HASU1490526,1,2801,8,U,,,000,,,
201801017732,CNIU1210320,1,2801,8,U,,,000,,,
201801017753,TGHU1132312,1,1738,6.1,U,,,017,N,CE,
201801017753,MRKU7847644,1,1738,6.1,U,,,017,N,CE,
201801017754,TGHU1132312,1,1738,6.1,U,,,017,N,CE,
201801017754,MRKU7847644,1,1738,6.1,U,,,017,N,CE,
201801017891,NPCU1151791,1,2709,3,U,,,052,,CE,
201801017894,UETU5270206,1,0336,1.4G,U,18132480585 CHEM,,000,,,FIREWORKS EXPLOSIVES
201801018003,HASU4257890,1,2801,8,U,,,000,,,
201801018059,MRKU7662424,1,1444,5.1,U,,,017,N,CE,
201801018059,TCLU3404262,1,1444,5.1,U,,,017,N,CE,
201801018059,MSKU7037394,1,1444,5.1,U,,,017,N,CE,
201801018079,CAIU9319264,1,UN1950,,U,,,000,,,
201801018162,MRKU9761616,1,1673,6.1,U,YANG,,017,N,CE,
201801018178,CNCU1529423,1,2585,8,U,800-255-3924,,000,,,"ALKYLSUPHONIO ACIDS, SOLID"
201801018209,APHU7128387,1,UN3166,,U,,,000,,,
201801018211,APZU3518327,1,UN3166,,U,,,000,,,
201801018212,CMAU7186015,1,UN3166,,U,,,000,,,
201801018213,BMOU5292360,1,UN3166,,U,,,000,,,
201801018330,CMAU5653804,1,2794,8,I,82.2126.5616,"F-A,S-",000,,,"BATTERIES, WET, FILLED WITH AC BATTERIES, WET, FILLED WITH AC ID UNIT LOADS IN OPE"
201801018336,CMAU5653804,1,3268,9,I,82.2126.5616,"F-B,S-",000,,,SAFETY DEVICES SAFETY DEVICES
201801018425,SIMU7102290,1,3163,,U,,,000,,,
201801018425,SIMU7069470,1,3163,,U,,,000,,,
201801018425,AAMU7002810,1,3163,,U,,,000,,,
201801018425,SIMU7045842,1,3163,,U,,,000,,,
201801018425,AAMU7002825,1,3163,,U,,,000,,,
201801018425,SIMU7068771,1,3163,,U,,,000,,,
201801018425,SIMU7060683,1,3163,,U,,,000,,,
201801018425,AAMU7002804,1,3163,,U,,,000,,,
201801018547,TCKU4250924,1,UN1005,,U,,,000,,,
201801018624,MOFU5891367,1,1075,2,U,,,000,,,PETROLEUM GASES LIQUEFIED
201801018624,SEGU5961545,1,1075,2,U,,,000,,,PETROLEUM GASES LIQUEFIED
201801018772,TABU4222246,1,2735,8,U,,2,000,,CE,"STOLT-NIELSEN JAPAN CO.,LTD."
201801018772,TABU4222246,2,2735,,U,,N,000,,,
201801018772,TABU4222246,3,2735,,U,"NTANK, RECTANGULAR",,000,,,F-AS-B
201801018773,TABU4222246,1,2735,8,U,,2,000,,CE,TOSOH CORPORATION
201801018773,TABU4222246,2,2735,,U,,N,000,,,
201801018773,TABU4222246,3,2735,,U,"NTANK, RECTANGULAR",,000,,,F-AS-B
201801019064,UACU3444304,1,3349,6.1,U,,3,000,,CE,GHARDA CHEMICALS LIMITED
201801019064,UACU3444304,2,3349,,U,,N,000,,,
201801019064,UACU3444304,3,3349,,U,YDRUMS,,000,,,F-AS-A
201801019064,CPSU1749737,1,3349,6.1,U,,3,000,,CE,GHARDA CHEMICALS LIMITED
201801019064,CPSU1749737,2,3349,,U,,N,000,,,
201801019064,CPSU1749737,3,3349,,U,YDRUMS,,000,,,F-AS-A
201801019271,CNCU1529423,1,UN2585,,U,,,000,,,
201801019318,CMAU1566363,1,3262,8,I,008680773854,"F-A,S-",000,,,"CORROSIVE SOLID, BASIC, INORGA CORROSIVE SOLID, BASIC, INORGA NIC, N.O.S. PACKING"
201801019339,ZCSU2590143,1,1263,3,U,7573215135 IVANA ZELMS,,021,,CE,PAINT RELATED MATERIAL FLAMMABLE LIQUID
201801019346,ZIMU2358625,1,3378,5.1,U,057185057435 MR LIU,,000,,,SODIUM CARBONATE PEROXYHYDRAT OXIDIZING SUBSTANCES
201801019393,ZCSU8800308,1,1057,2.1,U,8657463040569 MAQUNER,,000,,,LIGHTERS FLAMMABLE GAS
201801019547,TCNU4561026,1,0336,,U,,,000,,,
201801019561,EXFU5512191,1,UN1993,3,U,,,054,,CE,
201801019565,CXTU1062606,1,UN1993,,U,,,000,,,
201801019568,GESU8079881,1,UN1993,,U,,,000,,,
201801019570,EXFU0728594,1,UN1993,,U,,,000,,,
201801019595,EXFU0719442,1,UN1993,,U,,,000,,,
201801019656,APZU4365789,1,3077,9,I,+91 2233451953,"F-A,S-",000,,,"ENVIRONMENTALLY HAZARDOUS SUBS ENVIRONMENTALLY HAZARDOUS SUBS TANCE, SOLID, N.O.S."
201801019660,ECMU1637449,1,3077,9,I,+91 2233451953,"F-A,S-",000,,,"ENVIRONMENTALLY HAZARDOUS SUBS ENVIRONMENTALLY HAZARDOUS SUBS TANCE, SOLID, N.O.S."
201801019665,CMAU0885601,1,3265,8,I,+91 2233451953,"F-A,S-",000,,,"CORROSIVE LIQUID, ACIDIC, ORGA CORROSIVE LIQUID, ACIDIC, ORGA NIC, N.O.S. PACKING"
201801019665,CAIU2360862,1,3265,8,I,+91 2233451953,"F-A,S-",000,,,"CORROSIVE LIQUID, ACIDIC, ORGA CORROSIVE LIQUID, ACIDIC, ORGA NIC, N.O.S. PACKING"
201801019665,GLDU9858706,1,3265,8,I,+91 2233451953,"F-A,S-",000,,,"CORROSIVE LIQUID, ACIDIC, ORGA CORROSIVE LIQUID, ACIDIC, ORGA NIC, N.O.S. PACKING"
201801019665,GESU1162166,1,3265,8,I,+91 2233451953,"F-A,S-",000,,,"CORROSIVE LIQUID, ACIDIC, ORGA CORROSIVE LIQUID, ACIDIC, ORGA NIC, N.O.S. PACKING"
201801019671,HOYU8310209,1,1695,6.1,U,,,038,,CE,
201801019675,HOYU8310235,1,1695,6.1,U,,,038,,CE,
201801019758,CRXU8661366,1,2709,3,U,MR.MAHENDRA,,052,,CE,
201801019759,CRXU8661366,1,2709,3,U,MR.MAHENDRA,,052,,CE,
201801019764,SPPU2211442,1,3265,8,U,MR.BABU,,017,N,CE,
201801019767,UTCU4672930,1,1715,8,U,,,048,,CE,
201801019767,TABU2254286,1,1715,8,U,,,048,,CE,
201801019767,EXFU0520091,1,1715,8,U,,,048,,CE,
201801019767,UTCU4671240,1,1715,8,U,,,048,,CE,
201801019767,UTCU4659136,1,1715,8,U,,,048,,CE,
201801019767,EXFU0515198,1,1715,8,U,,,048,,CE,
201801019767,TCLU9067908,1,1715,8,U,,,048,,CE,
201801019767,EXFU0512877,1,1715,8,U,,,048,,CE,
201801019767,EXFU0507931,1,1715,8,U,,,048,,CE,
201801019767,TABU2253320,1,1715,8,U,,,048,,CE,
201801019767,TRLU0256860,1,1715,8,U,,,048,,CE,
201801019767,EXFU0521436,1,1715,8,U,,,048,,CE,
201801019767,USPU1244876,1,1715,8,U,,,048,,CE,
201801019767,EXFU0521499,1,1715,8,U,,,048,,CE,
201801019767,UTCU4651120,1,1715,8,U,,,048,,CE,
201801019767,EXFU0513050,1,1715,8,U,,,048,,CE,
201801019767,EXFU0540380,1,1715,8,U,,,048,,CE,
201801019767,EXFU0517328,1,1715,8,U,,,048,,CE,
201801019769,MRKU7877720,1,3077,9,U,,,017,N,CE,
201801019769,MSKU2488163,1,3077,9,U,,,017,N,CE,
201801019777,SUTU2637853,1,2321,6.1,U,,,017,N,CE,
201801019778,SUTU2646290,1,2321,6.1,U,MR PAT,,017,N,CE,
201801019781,MRKU9883872,1,3296,2.2,U,RAKESH NIKUMBH,,017,N,CE,
201801019798,SPPU2213912,1,2927,6.1,U,MR.BABU,,017,N,CE,
201801019805,NPCU1151791,1,2709,3,U,,,052,,CE,
201801019814,SPPU2216418,1,3265,8,U,,,017,N,CE,
201801019815,ACNU1070966,1,3394,4.2,U,AKZO NOBEL,,017,N,CE,
201801019817,NPCU1360317,1,2709,3,U,MR.MAHENDRA,,052,,CE,
201801019818,NPCU1360317,1,2709,3,U,MR.MAHENDRA,,052,,CE,
201801019821,SPPU2216357,1,2438,6.1,U,MR.BABU,,018,,CE,
201801019822,SIMU2576574,1,2709,3,U,MR.MAHENDRA,,052,,CE,
201801019823,SIMU2576574,1,2709,3,U,MR.MAHENDRA,,052,,CE,
201801019830,PONU0305052,1,1738,6.1,U,,,017,N,CE,
201801019835,SIMU2618453,1,2709,3,U,MR.MAHENDRA,,052,,CE,
201801019837,MSKU3572258,1,1297,3,U,MR. VAIBHAV MANE,,020,N,CE,
201801019838,SIMU2618453,1,2709,3,U,MR.MAHENDRA,,052,,CE,
201801019928,EXFU5512191,1,1993,3,U,CHEMTREC 85948579,,053,,CE,
2018010110086,CMAU2149894,1,UN1953,,U,,,000,,,
2018010110088,UTCU4981780,1,UN1993,,U,,,000,,,
2018010110088,UTCU4842131,1,UN1993,,U,,,000,,,
2018010110176,SUTU2643711,1,2321,6.1,U,,,017,N,CE,
2018010110177,SUTU2635531,1,2321,6.1,U,,,017,N,CE,
2018010110218,SUTU2660093,1,2321,6.1,U,,,017,N,CE,
2018010110321,NYKU8500315,1,3082,,U,01865407333,,000,,CE,ENVIRONMENTALLY HAZARDOUS SUBS CONTAINS ZINC OXIDE
2018010110343,HLXU5226380,1,3272,,U,,,000,,,
2018010110367,CMAU5234201,1,1067,2.3,I,+33232741362,"F-C,S-",000,,,DINITROGEN TETROXIDE DINITROGEN TETROXIDE DINITROGE N TETROXIDE.
2018010110368,ECMU1637449,1,3077,,U,,,000,,,
2018010110386,HLXU3247167,1,1017,2.3,U,,0,000,,CE,BOC ELECTRONIC SPECIALITY GASE
2018010110386,HLXU3247167,2,1017,5.1,U,,YB,000,,,08
2018010110386,HLXU3247167,3,1017,8,U,YCYLINDER,,000,,,F-CS-U
2018010110387,HLBU1008757,1,1741,2.3,U,,0,000,,CE,BOC ELECTRONIC SPECIALITY GASE
2018010110387,HLBU1008757,2,1741,8,U,,YC,000,,,
2018010110387,HLBU1008757,3,1741,,U,NCYLINDERS,,000,,,F-CS-U
2018010110402,MSKU7611959,1,3077,9,U,,,017,N,CE,
2018010110403,MRKU8301730,1,3082,9,U,,,017,N,CE,
2018010110423,RMCU0940617,1,1604,8,I,12345,"F-E,S-",038,,CE,ETHYLENEDIAMINE ETHYLENEDIAMINE
2018010110423,CXTU1055187,1,1604,8,I,12345,"F-E,S-",038,,CE,ETHYLENEDIAMINE ETHYLENEDIAMINE
2018010110423,RMCU0950071,1,1604,8,I,12345,"F-E,S-",038,,CE,ETHYLENEDIAMINE ETHYLENEDIAMINE
2018010110425,CAIU2189111,1,1192,3,I,1234,"F-E,S-",046,,CE,ETHYL LACTATE ETHYL LACTATE
2018010110426,RMCU0940617,1,1604,8,I,12345,"F-E,S-",038,,CE,ETHYLENEDIAMINE ETHYLENEDIAMINE
2018010110426,CXTU1055187,1,1604,8,I,12345,"F-E,S-",038,,CE,ETHYLENEDIAMINE ETHYLENEDIAMINE
2018010110426,RMCU0950071,1,1604,8,I,12345,"F-E,S-",038,,CE,ETHYLENEDIAMINE ETHYLENEDIAMINE
2018010110427,CAIU2189111,1,1192,3,I,1234,"F-E,S-",046,,CE,ETHYL LACTATE ETHYL LACTATE
2018010110515,CAXU6271791,1,3265,8,I,,,100,,CE,"CORROSIVE LIQUID, ACIDIC, ORGA"
2018010110525,HLXU5226380,1,3272,3,U,,3,036,,CE,EXPEDITORS INTERNATIONAL UK LT
2018010110525,HLXU5226380,2,3272,,U,,N,000,,,
2018010110525,HLXU5226380,3,3272,,U,NPIECES,,000,,,F-ES-D
2018010110542,ZIMU1176797,1,3082,9,U,800-424-9300 CHEMTREC,,000,,,ENVIRONMENTALLY HAZARDOUS SUB
2018010110582,ZIMU2865050,1,3082,9,U,800-424-9300 CHEMTREC,,000,,,ENVIRONMENTALLY HAZARDOUS SUB MISC DANGEROUS SUBSTANCES
2018010110583,SUTU2400347,1,1134,3,U,,,027,,CE,
2018010110583,CRXU8623197,1,1134,3,U,,,027,,CE,
2018010110583,SUTU2401512,1,1134,3,U,,,027,,CE,
2018010110863,UTCU4132973,1,UN3082,,U,,,000,,,
2018010110864,UTCU4134549,1,UN3082,,U,,,000,,,
2018010111105,EXFU5507770,1,UN1993,3,U,,,054,,CE,
2018010111112,EXFU0590817,1,UN1993,3,U,,,054,,CE,
2018010111114,EXFU0720459,1,UN1993,3,U,,,054,,CE,
2018010111115,GESU8083032,1,UN1993,3,U,,,054,,CE,
2018010111158,EXFU4412789,1,UN1993,3,U,,,054,,CE,
2018010111161,EXFU0581409,1,UN1993,3,U,,,054,,CE,
2018010111173,CXTU1160238,1,UN1993,3,U,,,054,,CE,
2018010111181,EXFU0606390,1,UN1993,3,U,,,054,,CE,
2018010111185,TIFU1721828,1,UN1993,3,U,,,054,,CE,
2018010111189,EXFU4407139,1,UN1993,,U,,,000,,,
2018010111233,EXFU0581158,1,UN1993,,U,,,000,,,
2018010111235,EXFU0610472,1,UN1993,3,U,,,054,,CE,
2018010111238,CXTU1070812,1,UN1993,3,U,,,054,,CE,
2018010111241,EXFU2500622,1,UN1993,3,U,,,054,,CE,
2018010111242,TIFU1504587,1,UN1993,3,U,,,054,,CE,
2018010111245,TIFU1723754,1,UN1993,3,U,,,054,,CE,
2018010111248,EXFU5527890,1,UN1993,3,U,,,054,,CE,
2018010111252,EXFU0726523,1,UN1993,3,U,,,054,,CE,
2018010111253,EXFU5513897,1,UN1993,3,U,,,054,,CE,
2018010111256,EXFU5530560,1,UN1993,3,U,,,054,,CE,
2018010111300,MSKU6243240,1,3242,4.1,U,ED CHEN,,017,N,CE,
2018010111356,AAMU7001731,1,3220,2.2,U,CHEMTREC (CONTR. CCN7592,,017,N,CE,
2018010111361,AAMU7001731,1,3220,2.2,U,CHEMTREC (CONTR. CCN7592,,017,N,CE,
2018010111373,MWCU5272286,1,2757,6.1,U,"ANTOINE A.PUECH,PH.D.",,017,N,CE,
2018010111383,MSKU6792852,1,3242,4.1,U,ED CHAN,,017,N,CE,
2018010111384,MSKU6618120,1,2588,6.1,U,IVY YAN,,017,N,CE,
2018010111495,EXFU4400290,1,2735,8,U,,,017,N,CE,
2018010111676,CMAU4717951,1,1090,3,I,87731616,"F-E,S-",020,,CE,ACETONE ACETONE
2018010111676,CMAU4717951,2,1170,3,I,87731616,"F-E,S-",020,,CE,ETHYL ALCOHOL SOLUTION ETHYL ALCOHOL SOLUTION ETHYL A LCOHOL SOLUTION. PAC
2018010111731,TRHU1121330,1,2967,8,I,622128546908,"F-A,S-",000,,,SULPHAMIC ACID SULPHAMIC ACID
2018010111731,APZU3749901,1,2967,8,I,622128546908,"F-A,S-",000,,,SULPHAMIC ACID SULPHAMIC ACID
2018010111864,SIMU7102290,1,3163,2.2,I,+862123069416,"F-C,S-",000,,,"LIQUEFIED GAS, N.O.S. LIQUEFIED GAS, N.O.S."
2018010111864,SIMU7069470,1,3163,2.2,I,+862123069416,"F-C,S-",000,,,"LIQUEFIED GAS, N.O.S. LIQUEFIED GAS, N.O.S."
2018010111864,AAMU7002810,1,3163,2.2,I,+862123069416,"F-C,S-",000,,,"LIQUEFIED GAS, N.O.S. LIQUEFIED GAS, N.O.S."
2018010111864,SIMU7045842,1,3163,2.2,I,+862123069416,"F-C,S-",000,,,"LIQUEFIED GAS, N.O.S. LIQUEFIED GAS, N.O.S."
2018010111864,AAMU7002825,1,3163,2.2,I,+862123069416,"F-C,S-",000,,,"LIQUEFIED GAS, N.O.S. LIQUEFIED GAS, N.O.S."
2018010111864,SIMU7068771,1,3163,2.2,I,+862123069416,"F-C,S-",000,,,"LIQUEFIED GAS, N.O.S. LIQUEFIED GAS, N.O.S."
2018010111864,SIMU7060683,1,3163,2.2,I,+862123069416,"F-C,S-",000,,,"LIQUEFIED GAS, N.O.S. LIQUEFIED GAS, N.O.S."
2018010111864,AAMU7002804,1,3163,2.2,I,+862123069416,"F-C,S-",000,,,"LIQUEFIED GAS, N.O.S. LIQUEFIED GAS, N.O.S."
2018010111974,EXFU0720459,1,1993,3,U,CHEMTREC 85948579,,053,,CE,
2018010111975,GESU8083032,1,1993,3,U,MR DHANTI RERNGTHYE,,053,,CE,
2018010111976,EXFU0610472,1,1993,3,U,MR DHANTI RERNGTHYE,,053,,CE,
2018010111977,EXFU4412789,1,1993,3,U,,,053,,CE,
2018010111978,TIFU1723754,1,1993,3,U,MR. DHANIT RERNGTHYE,,053,,CE,
2018010111979,EXFU5507770,1,1993,3,U,MR. DHANIT RERNGTHYE,,053,,CE,
2018010111980,EXFU5527890,1,1993,3,U,,,053,,CE,
2018010111981,EXFU0581409,1,1993,3,U,MR DHANTI RERNGTHEYE,,053,,CE,
2018010111983,EXFU0590817,1,1993,3,U,,,053,,CE,
2018010111984,EXFU0726523,1,1993,3,U,,,053,,CE,
2018010111985,EXFU5513897,1,1993,3,U,CHEMTREC : + 1-800-424-9,,053,,CE,
2018010111986,EXFU5530560,1,1993,3,U,MR. DHANIT RERNGTHYE,,053,,CE,
2018010112200,UESU5260800,1,2923,8,U,703-527-3887 AMERICAN CH,,000,,,CORROSIVE SOLID TOXIC N O S CORROSIVE SUBSTANCES
2018010112200,ZCSU8648601,1,2923,8,U,703-527-3887 AMERICAN CH,,000,,,CORROSIVE SOLID TOXIC N O S CORROSIVE SUBSTANCES
2018010112201,UESU5260800,1,2923,8,U,703-527-3887 AMERICAN CH,,000,,,CORROSIVE SOLID TOXIC N O S CORROSIVE SUBSTANCES
2018010112201,ZCSU8648601,1,2923,8,U,703-527-3887 AMERICAN CH,,000,,,CORROSIVE SOLID TOXIC N O S CORROSIVE SUBSTANCES
2018010112207,ZIMU1436092,1,2735,8,U,+65 3158 1198 NCEC,,138,,CE,AMINES LIQUID CORROSIVE N CORROSIVE SUBSTANCES
2018010112586,XINU1165114,1,1866,3,U,MR. NARASIMHA MURTHY,,032,,CE,
2018010112587,XINU1165114,1,1866,3,U,MR. NARASIMHA MURTHY,,032,,CE,
2018010112630,MSKU6314046,1,1266,3,U,SIVA,,017,,CE,
2018010112668,PONU0259466,1,1266,3,U,SIVA,,017,,CE,
2018010112751,UTCU4994793,1,1170,3,U,,2,012,,CE,STOLT TANK CONTAINERS ITALY SR
2018010112751,UTCU4994793,2,1170,,U,,N,000,,,
2018010112751,UTCU4994793,3,1170,,U,NTANK,,000,,,F-ES-D
2018010112752,UTCU4994793,1,1170,3,U,,2,012,,CE,SASMA BV HELIUMSTRAAT 8
2018010112752,UTCU4994793,2,1170,,U,,N,000,,,
2018010112752,UTCU4994793,3,1170,,U,NTANK,,000,,,F-ES-D
2018010112762,UACU3561208,1,2810,6.1,U,,3,000,,CE,GALATA TASIMACILIK VE TICARET
2018010112762,UACU3561208,2,2810,,U,,N,000,,,
2018010112762,UACU3561208,3,2810,,U,NJERRICAN PLASTIC,,000,,,F-AS-A
2018010112763,UACU3561208,1,2810,6.1,U,,3,000,,CE,EFECAN BADEM AROMATIK BITKILER
2018010112763,UACU3561208,2,2810,,U,,N,000,,,
2018010112763,UACU3561208,3,2810,,U,NJERRICAN PLASTIC,,000,,,F-AS-A
2018010112800,NYKU8513924,1,3082,,U,004401928572000,,000,,CE,ENVIRONMENTALLY HAZARDOUS SUBS CHLORINATED PARAFFINS (C14-17)
2018010112816,CMAU4717951,1,1090,3,U,13567836532,,020,,CE,POLISH REMOVER
2018010112816,CMAU4717951,2,1170,3,U,13567836532,,020,,CE,HAND SANITIZER
2018010112899,TIFU1721828,1,1993,3,U,,,053,,CE,
2018010112906,EXFU0606390,1,1993,3,U,,,053,,CE,
2018010112907,CXTU1160238,1,1993,3,U,,,053,,CE,
2018010112912,EXFU2500622,1,1993,3,U,MR. DHANIT RERNGTHYE,,053,,CE,
2018010112917,TIFU1504587,1,1993,3,U,DHANIT RERNGTHYE,,053,,CE,
2018010112921,TCLU3806132,1,3166,9,U,,0,000,,CE,KUEHNE + NAGEL LIMITED
2018010112921,TCLU3806132,2,3166,,U,,N,000,,,
2018010112921,TCLU3806132,3,3166,,U,NPACKAGE,,000,,,F-ES-E
2018010112923,CXTU1070812,1,1993,3,U,,,053,,CE,
2018010112994,TCNU4561026,1,0336,1.4G,U,014849512432 HAZMAT SERV,,000,,,FIREWORKS EXPLOSIVES
2018010112997,XINU1135188,1,2834,8,U,8634255988233 WILLIAMS,,000,,,PHOSPHOROUS ACID CORROSIVE SUBSTANCES
2018010112997,ZIMU1333962,1,2834,8,U,8634255988233 WILLIAMS,,000,,,PHOSPHOROUS ACID CORROSIVE SUBSTANCES
2018010112997,ZIMU2870267,1,2834,8,U,8634255988233 WILLIAMS,,000,,,PHOSPHOROUS ACID CORROSIVE SUBSTANCES
2018010112997,BSIU3015418,1,2834,8,U,8634255988233 WILLIAMS,,000,,,PHOSPHOROUS ACID CORROSIVE SUBSTANCES
2018010112997,ZIMU1324699,1,2834,8,U,8634255988233 WILLIAMS,,000,,,PHOSPHOROUS ACID CORROSIVE SUBSTANCES
2018010112997,GLDU5227657,1,2834,8,U,8634255988233 WILLIAMS,,000,,,PHOSPHOROUS ACID CORROSIVE SUBSTANCES
2018010113037,MOFU5891367,1,UN1075,,U,,,000,,,
2018010113037,SEGU5961545,1,UN1075,,U,,,000,,,
2018010113038,TRHU2910837,1,2922,8,U,4247317083 DAVID,,000,,,CORROSIVE LIQUID TOXIC N O CORROSIVE SUBSTANCES
2018010113038,TGHU1581268,1,2922,8,U,4247317083 DAVID,,000,,,CORROSIVE LIQUID TOXIC N O CORROSIVE SUBSTANCES
2018010113063,SPPU2216357,1,UN2438,6.1,U,,,000,,,
2018010113064,SPPU2211442,1,UN3265,8,U,,,000,,,
2018010113065,SPPU2213912,1,UN2927,6.1,U,,,000,,,
2018010113073,TRHU2401300,1,UN1953,,U,,,000,,,
2018010113078,TABU2220115,1,UN3082,,U,,,000,,,
2018010113079,UTCU4133706,1,UN3082,,U,,,000,,,
2018010113233,TCLU1793627,1,UN2796,,U,,,000,,,
2018010113234,TCLU8795046,1,UN2796,,U,,,000,,,
2018010113337,BNBU1170600,1,1170,3,I,+61 3 8842 5607,"F-E,S-",013,,CE,ETHANOL ETHANOL ETHANOL. PACKING GROUP II.
2018010113337,BNBU1040504,1,1170,3,I,+61 3 8842 5607,"F-E,S-",013,,CE,ETHANOL ETHANOL ETHANOL. PACKING GROUP II.
2018010113337,BNBU1190802,1,1170,3,I,+61 3 8842 5607,"F-E,S-",013,,CE,ETHANOL ETHANOL ETHANOL. PACKING GROUP II.
2018010113337,BNBU1180701,1,1170,3,I,+61 3 8842 5607,"F-E,S-",013,,CE,ETHANOL ETHANOL ETHANOL. PACKING GROUP II.
2018010113337,BNBU1210909,1,1170,3,I,+61 3 8842 5607,"F-E,S-",013,,CE,ETHANOL ETHANOL ETHANOL. PACKING GROUP II.
2018010113337,BNBU1260406,1,1170,3,I,+61 3 8842 5607,"F-E,S-",013,,CE,ETHANOL ETHANOL ETHANOL. PACKING GROUP II.
2018010113337,BNBU1110108,1,1170,3,I,+61 3 8842 5607,"F-E,S-",013,,CE,ETHANOL ETHANOL ETHANOL. PACKING GROUP II.
2018010113337,BNBU1140308,1,1170,3,I,+61 3 8842 5607,"F-E,S-",013,,CE,ETHANOL ETHANOL ETHANOL. PACKING GROUP II.
2018010113337,BNBU1130207,1,1170,3,I,+61 3 8842 5607,"F-E,S-",013,,CE,ETHANOL ETHANOL ETHANOL. PACKING GROUP II.
2018010113337,BNBU1020302,1,1170,3,I,+61 3 8842 5607,"F-E,S-",013,,CE,ETHANOL ETHANOL ETHANOL. PACKING GROUP II.
2018010113337,BNBU1070807,1,1170,3,I,+61 3 8842 5607,"F-E,S-",013,,CE,ETHANOL ETHANOL ETHANOL. PACKING GROUP II.
2018010113339,BNBU1170600,1,1170,3,I,+61 3 8842 5607,"F-E,S-",013,,CE,ETHANOL ETHANOL ETHANOL. PACKING GROUP II.
2018010113339,BNBU1040504,1,1170,3,I,+61 3 8842 5607,"F-E,S-",013,,CE,ETHANOL ETHANOL ETHANOL. PACKING GROUP II.
2018010113339,BNBU1190802,1,1170,3,I,+61 3 8842 5607,"F-E,S-",013,,CE,ETHANOL ETHANOL ETHANOL. PACKING GROUP II.
2018010113339,BNBU1180701,1,1170,3,I,+61 3 8842 5607,"F-E,S-",013,,CE,ETHANOL ETHANOL ETHANOL. PACKING GROUP II.
2018010113339,BNBU1210909,1,1170,3,I,+61 3 8842 5607,"F-E,S-",013,,CE,ETHANOL ETHANOL ETHANOL. PACKING GROUP II.
2018010113339,BNBU1260406,1,1170,3,I,+61 3 8842 5607,"F-E,S-",013,,CE,ETHANOL ETHANOL ETHANOL. PACKING GROUP II.
2018010113339,BNBU1110108,1,1170,3,I,+61 3 8842 5607,"F-E,S-",013,,CE,ETHANOL ETHANOL ETHANOL. PACKING GROUP II.
2018010113339,BNBU1140308,1,1170,3,I,+61 3 8842 5607,"F-E,S-",013,,CE,ETHANOL ETHANOL ETHANOL. PACKING GROUP II.
2018010113339,BNBU1130207,1,1170,3,I,+61 3 8842 5607,"F-E,S-",013,,CE,ETHANOL ETHANOL ETHANOL. PACKING GROUP II.
2018010113339,BNBU1020302,1,1170,3,I,+61 3 8842 5607,"F-E,S-",013,,CE,ETHANOL ETHANOL ETHANOL. PACKING GROUP II.